1,,0,0,0,0,0,"2024-01-30 08:03:01","2024-01-30 08:03:01",member1,member1@msaaq.com,
2,,0,0,0,0,0,"2024-01-30 08:03:01","2024-01-30 08:03:01",member2,member2@msaaq.com,
3,,0,0,0,0,0,"2024-01-30 08:03:01","2024-01-30 08:03:01",member3,member3@msaaq.com,
4,,0,0,0,0,0,"2024-01-30 08:03:01","2024-01-30 08:03:01",member4,member4@msaaq.com,
5,,0,0,0,0,0,"2024-01-30 08:03:02","2024-01-30 08:03:02",member5,member5@msaaq.com,
6,,0,0,0,0,0,"2024-01-30 08:03:02","2024-01-30 08:03:02",member6,member6@msaaq.com,
7,,0,0,0,0,0,"2024-01-30 08:03:02","2024-01-30 08:03:02",member7,member7@msaaq.com,
8,,0,0,0,0,0,"2024-01-30 08:03:02","2024-01-30 08:03:02",member8,member8@msaaq.com,
9,,0,0,0,0,0,"2024-01-30 08:03:02","2024-01-30 08:03:02",member9,member9@msaaq.com,
10,,0,0,0,0,0,"2024-01-30 08:03:03","2024-01-30 08:03:03",member10,member10@msaaq.com,
21,,0,0,0,0,0,"2024-01-30 09:26:49","2024-01-30 09:26:49",admin999,admin999@msaaq.com,
22,,0,0,0,0,0,"2024-01-30 10:19:25","2024-01-30 10:19:25",sdfsdfsdf,adminddd1@msaaq.com,
