"1","","","","","","tenant1","2024-01-30T08:03:01.000000Z","2024-01-30T08:03:01.000000Z","member1","member1@msaaq.com","","$2y$12$xTHHg7hXaIwuOSi3tY4iheUk4i1CrHuco71RKGWWEXB0sjRF.XFUq"
"2","","","","","","tenant1","2024-01-30T08:03:01.000000Z","2024-01-30T08:03:01.000000Z","member2","member2@msaaq.com","","$2y$12$5mpVDL5oBUR4pEPR7hJEjOJUBE31zU1aHIv1xqU1bF00xn7ieS1Ma"
"3","","","","","","tenant1","2024-01-30T08:03:01.000000Z","2024-01-30T08:03:01.000000Z","member3","member3@msaaq.com","","$2y$12$kjRP2VE9UrM2AvvIMcY8Qeyi7sYa7CUDc0u6AiZFOhNf/yzo23RA2"
"4","","","","","","tenant1","2024-01-30T08:03:01.000000Z","2024-01-30T08:03:01.000000Z","member4","member4@msaaq.com","","$2y$12$YqYJCHGtruL.zP4Jd7d3l.S0RQEMOYBVv6XGEskkeRhcsiuXfs9fy"
"5","","","","","","tenant1","2024-01-30T08:03:02.000000Z","2024-01-30T08:03:02.000000Z","member5","member5@msaaq.com","","$2y$12$ziK9oGvsYeLjcMyCmOcAnODFTpe3fZe7fSMUghfU07v1/fFhYJIjm"
"6","","","","","","tenant1","2024-01-30T08:03:02.000000Z","2024-01-30T08:03:02.000000Z","member6","member6@msaaq.com","","$2y$12$msnWIZG5Y2ZQl5x7IPvgteDhkGDatqucdTf7KeLth6rVH3NPhuaOu"
"7","","","","","","tenant1","2024-01-30T08:03:02.000000Z","2024-01-30T08:03:02.000000Z","member7","member7@msaaq.com","","$2y$12$S8cmaVVtEAg/MSsUF/gZXutQWszmhgt2OjMHubf8oNt1qHkHxt2lm"
"8","","","","","","tenant1","2024-01-30T08:03:02.000000Z","2024-01-30T08:03:02.000000Z","member8","member8@msaaq.com","","$2y$12$HrWo7./qDqtKwvNaMdoGL.oGouSohDa8.vkIuo9zEH5KL/GUL.32C"
"9","","","","","","tenant1","2024-01-30T08:03:02.000000Z","2024-01-30T08:03:02.000000Z","member9","member9@msaaq.com","","$2y$12$Qnm5VEVRwhxRoITzdry4xukTX4wVfOyCvsYkVvhORWSEjgv9y0u9S"
"10","","","","","","tenant1","2024-01-30T08:03:03.000000Z","2024-01-30T08:03:03.000000Z","member10","member10@msaaq.com","","$2y$12$ch/GDGlfm.JMqVu3zYQH6.YOubWx7xRwnV/rhc1nkqEyrNk.pbKvW"
"21","","","","","","tenant1","2024-01-30T09:26:49.000000Z","2024-01-30T09:26:49.000000Z","admin999","admin999@msaaq.com","","$2y$12$KGECwzpWPFbop.WHRc0xauLg3N8n.9b1T.sJSjttJ7OHEOubotRW2"
"22","","","","","","tenant1","2024-01-30T10:19:25.000000Z","2024-01-30T10:19:25.000000Z","sdfsdfsdf","adminddd1@msaaq.com","","$2y$12$OvP6dde.dZus4RY9MPhTieInY0SK41B4rZ2xqQI7eQCPpYyGjHuby"
